insert into tipo (descricao) values('Selic Acumulada');
insert into tipo (descricao) values('Selic Mes');
insert into tipo (descricao) values('Fator atualizacao');
insert into tipo (descricao) values('Fator indice');


insert into fatores_atualizacao (data, valor) values('1994-01-01', 0.02305523074029);
insert into fatores_atualizacao (data, valor) values('1994-02-01', 0.01631420233533);
insert into fatores_atualizacao (data, valor) values('1994-03-01', 0.01160574968722);
insert into fatores_atualizacao (data, valor) values('1994-04-01', 0.00811137104223);
insert into fatores_atualizacao (data, valor) values('1994-05-01', 0.00567784617264);
insert into fatores_atualizacao (data, valor) values('1994-06-01', 0.00397803277001);
insert into fatores_atualizacao (data, valor) values('1994-07-01', 7.37964794760122);
insert into fatores_atualizacao (data, valor) values('1994-08-01', 6.95668170022739);
insert into fatores_atualizacao (data, valor) values('1994-09-01', 6.59651213751886);
insert into fatores_atualizacao (data, valor) values('1994-10-01', 6.4983865013485);
insert into fatores_atualizacao (data, valor) values('1994-11-01', 6.37972364161447);
insert into fatores_atualizacao (data, valor) values('1994-12-01', 6.17771244467364);
insert into fatores_atualizacao (data, valor) values('1995-01-01', 6.04531993803077);
insert into fatores_atualizacao (data, valor) values('1995-02-01', 5.9460213809686);
insert into fatores_atualizacao (data, valor) values('1995-03-01', 5.88773282599129);
insert into fatores_atualizacao (data, valor) values('1995-04-01', 5.80587005817108);
insert into fatores_atualizacao (data, valor) values('1995-05-01', 5.69649730982249);
insert into fatores_atualizacao (data, valor) values('1995-06-01', 5.55376553555863);
insert into fatores_atualizacao (data, valor) values('1995-07-01', 5.45449374932099);
insert into fatores_atualizacao (data, valor) values('1995-08-01', 5.32353479340327);
insert into fatores_atualizacao (data, valor) values('1995-09-01', 5.26978300673458);
insert into fatores_atualizacao (data, valor) values('1995-10-01', 5.20883958360638);
insert into fatores_atualizacao (data, valor) values('1995-11-01', 5.13692266627848);
insert into fatores_atualizacao (data, valor) values('1995-12-01', 5.06050898067036);
insert into fatores_atualizacao (data, valor) values('1996-01-01', 4.97836594261718);
insert into fatores_atualizacao (data, valor) values('1996-02-01', 4.90672771793532);
insert into fatores_atualizacao (data, valor) values('1996-03-01', 4.87213555549133);
insert into fatores_atualizacao (data, valor) values('1996-04-01', 4.85804721855751);
insert into fatores_atualizacao (data, valor) values('1996-05-01', 4.81328368033044);
insert into fatores_atualizacao (data, valor) values('1996-06-01', 4.75245229100557);
insert into fatores_atualizacao (data, valor) values('1996-07-01', 4.69007430277861);
insert into fatores_atualizacao (data, valor) values('1996-08-01', 4.63446077349665);
insert into fatores_atualizacao (data, valor) values('1996-09-01', 4.61140375472304);
insert into fatores_atualizacao (data, valor) values('1996-10-01', 4.61048165839136);
insert into fatores_atualizacao (data, valor) values('1996-11-01', 4.59302815141598);
insert into fatores_atualizacao (data, valor) values('1996-12-01', 4.57746477119392);
insert into fatores_atualizacao (data, valor) values('1997-01-01', 4.56240882208105);
insert into fatores_atualizacao (data, valor) values('1997-02-01', 4.52575024509577);
insert into fatores_atualizacao (data, valor) values('1997-03-01', 4.50547560487384);
insert into fatores_atualizacao (data, valor) values('1997-04-01', 4.47504529685523);
insert into fatores_atualizacao (data, valor) values('1997-05-01', 4.44835516586007);
insert into fatores_atualizacao (data, valor) values('1997-06-01', 4.44346735177312);
insert into fatores_atualizacao (data, valor) values('1997-07-01', 4.42796945866778);
insert into fatores_atualizacao (data, valor) values('1997-08-01', 4.42001343448571);
insert into fatores_atualizacao (data, valor) values('1997-09-01', 4.42133983643664);
insert into fatores_atualizacao (data, valor) values('1997-10-01', 4.41692291352312);
insert into fatores_atualizacao (data, valor) values('1997-11-01', 4.40415087598277);
insert into fatores_atualizacao (data, valor) values('1997-12-01', 4.39755454416652);
insert into fatores_atualizacao (data, valor) values('1998-01-01', 4.37263055003134);
insert into fatores_atualizacao (data, valor) values('1998-02-01', 4.3357764502046);
insert into fatores_atualizacao (data, valor) values('1998-03-01', 4.31248900955301);
insert into fatores_atualizacao (data, valor) values('1998-04-01', 4.29146085138124);
insert into fatores_atualizacao (data, valor) values('1998-05-01', 4.27223579032478);
insert into fatores_atualizacao (data, valor) values('1998-06-01', 4.24169558213342);
insert into fatores_atualizacao (data, valor) values('1998-07-01', 4.235342568281);
insert into fatores_atualizacao (data, valor) values('1998-08-01', 4.24723482579322);
insert into fatores_atualizacao (data, valor) values('1998-09-01', 4.26814875469121);
insert into fatores_atualizacao (data, valor) values('1998-10-01', 4.2814211602881);
insert into fatores_atualizacao (data, valor) values('1998-11-01', 4.27671677183908);
insert into fatores_atualizacao (data, valor) values('1998-12-01', 4.28442874357752);
insert into fatores_atualizacao (data, valor) values('1999-01-01', 4.26650940408038);
insert into fatores_atualizacao (data, valor) values('1999-02-01', 4.23895618885284);
insert into fatores_atualizacao (data, valor) values('1999-03-01', 4.1849700748868);
insert into fatores_atualizacao (data, valor) values('1999-04-01', 4.13207945782662);
insert into fatores_atualizacao (data, valor) values('1999-05-01', 4.11274953501206);
insert into fatores_atualizacao (data, valor) values('1999-06-01', 4.1106941879181);
insert into fatores_atualizacao (data, valor) values('1999-07-01', 4.10781871481773);
insert into fatores_atualizacao (data, valor) values('1999-08-01', 4.07764414812163);
insert into fatores_atualizacao (data, valor) values('1999-09-01', 4.05533977933529);
insert into fatores_atualizacao (data, valor) values('1999-10-01', 4.03958539628976);
insert into fatores_atualizacao (data, valor) values('1999-11-01', 4.00117412469271);
insert into fatores_atualizacao (data, valor) values('1999-12-01', 3.96391333930326);
insert into fatores_atualizacao (data, valor) values('2000-01-01', 3.93479585001316);
insert into fatores_atualizacao (data, valor) values('2000-02-01', 3.91093912137279);
insert into fatores_atualizacao (data, valor) values('2000-03-01', 3.90898462905826);
insert into fatores_atualizacao (data, valor) values('2000-04-01', 3.90390954664762);
insert into fatores_atualizacao (data, valor) values('2000-05-01', 3.90039918737898);
insert into fatores_atualizacao (data, valor) values('2000-06-01', 3.90235036256026);
insert into fatores_atualizacao (data, valor) values('2000-07-01', 3.89067832757753);
insert into fatores_atualizacao (data, valor) values('2000-08-01', 3.83733931115251);
insert into fatores_atualizacao (data, valor) values('2000-09-01', 3.79146261352881);
insert into fatores_atualizacao (data, valor) values('2000-10-01', 3.77522912827722);
insert into fatores_atualizacao (data, valor) values('2000-11-01', 3.76919841081991);
insert into fatores_atualizacao (data, valor) values('2000-12-01', 3.75829934272601);
insert into fatores_atualizacao (data, valor) values('2001-01-01', 3.73774176302935);
insert into fatores_atualizacao (data, valor) values('2001-02-01', 3.70918106879959);
insert into fatores_atualizacao (data, valor) values('2001-03-01', 3.69109470474633);
insert into fatores_atualizacao (data, valor) values('2001-04-01', 3.67346208673003);
insert into fatores_atualizacao (data, valor) values('2001-05-01', 3.64286204554743);
insert into fatores_atualizacao (data, valor) values('2001-06-01', 3.62221541766673);
insert into fatores_atualizacao (data, valor) values('2001-07-01', 3.60061174718363);
insert into fatores_atualizacao (data, valor) values('2001-08-01', 3.56108371791478);
insert into fatores_atualizacao (data, valor) values('2001-09-01', 3.53317166178667);
insert into fatores_atualizacao (data, valor) values('2001-10-01', 3.51769380902695);
insert into fatores_atualizacao (data, valor) values('2001-11-01', 3.48493541611546);
insert into fatores_atualizacao (data, valor) values('2001-12-01', 3.44055229155441);
insert into fatores_atualizacao (data, valor) values('2002-01-01', 3.41527922528728);
insert into fatores_atualizacao (data, valor) values('2002-02-01', 3.37912261332471);
insert into fatores_atualizacao (data, valor) values('2002-03-01', 3.36867970623538);
insert into fatores_atualizacao (data, valor) values('2002-04-01', 3.34792258620093);
insert into fatores_atualizacao (data, valor) values('2002-05-01', 3.32531047497113);
insert into fatores_atualizacao (data, valor) values('2002-06-01', 3.32232038662317);
insert into fatores_atualizacao (data, valor) values('2002-07-01', 3.30217710627489);
insert into fatores_atualizacao (data, valor) values('2002-08-01', 3.26463381737508);
insert into fatores_atualizacao (data, valor) values('2002-09-01', 3.23679736007841);
insert into fatores_atualizacao (data, valor) values('2002-10-01', 3.21015308943609);
insert into fatores_atualizacao (data, valor) values('2002-11-01', 3.16053272564349);
insert into fatores_atualizacao (data, valor) values('2002-12-01', 3.05690369053437);
insert into fatores_atualizacao (data, valor) values('2003-01-01', 2.9765371864989);
insert into fatores_atualizacao (data, valor) values('2003-02-01', 2.90478890065278);
insert into fatores_atualizacao (data, valor) values('2003-03-01', 2.86298925749338);
insert into fatores_atualizacao (data, valor) values('2003-04-01', 2.82429639685645);
insert into fatores_atualizacao (data, valor) values('2003-05-01', 2.78585164416695);
insert into fatores_atualizacao (data, valor) values('2003-06-01', 2.75854207759872);
insert into fatores_atualizacao (data, valor) values('2003-07-01', 2.76019819651663);
insert into fatores_atualizacao (data, valor) values('2003-08-01', 2.75909455869315);
insert into fatores_atualizacao (data, valor) values('2003-09-01', 2.75413711189174);
insert into fatores_atualizacao (data, valor) values('2003-10-01', 2.73173686956134);
insert into fatores_atualizacao (data, valor) values('2003-11-01', 2.72112448407345);
insert into fatores_atualizacao (data, valor) values('2003-12-01', 2.71109343835155);
insert into fatores_atualizacao (data, valor) values('2004-01-01', 2.69653216466237);
insert into fatores_atualizacao (data, valor) values('2004-02-01', 2.6743351826464);
insert into fatores_atualizacao (data, valor) values('2004-03-01', 2.66394579404961);
insert into fatores_atualizacao (data, valor) values('2004-04-01', 2.64884736407439);
insert into fatores_atualizacao (data, valor) values('2004-05-01', 2.63803143519011);
insert into fatores_atualizacao (data, valor) values('2004-06-01', 2.62752134979095);
insert into fatores_atualizacao (data, valor) values('2004-07-01', 2.6144491042696);
insert into fatores_atualizacao (data, valor) values('2004-08-01', 2.59550194010682);
insert into fatores_atualizacao (data, valor) values('2004-09-01', 2.58258899513116);
insert into fatores_atualizacao (data, valor) values('2004-10-01', 2.57820604485491);
insert into fatores_atualizacao (data, valor) values('2004-11-01', 2.5738305329489);
insert into fatores_atualizacao (data, valor) values('2004-12-01', 2.56255528967433);
insert into fatores_atualizacao (data, valor) values('2005-01-01', 2.54070522474155);
insert into fatores_atualizacao (data, valor) values('2005-02-01', 2.52630528461922);
insert into fatores_atualizacao (data, valor) values('2005-03-01', 2.51523823637915);
insert into fatores_atualizacao (data, valor) values('2005-04-01', 2.49701006291983);
insert into fatores_atualizacao (data, valor) values('2005-05-01', 2.47449218404502);
insert into fatores_atualizacao (data, valor) values('2005-06-01', 2.45729114602286);
insert into fatores_atualizacao (data, valor) values('2005-07-01', 2.45999714288003);
insert into fatores_atualizacao (data, valor) values('2005-08-01', 2.45925936507051);
insert into fatores_atualizacao (data, valor) values('2005-09-01', 2.45925936507051);
insert into fatores_atualizacao (data, valor) values('2005-10-01', 2.45557600106891);
insert into fatores_atualizacao (data, valor) values('2005-11-01', 2.44141578948987);
insert into fatores_atualizacao (data, valor) values('2005-12-01', 2.42830295354075);
insert into fatores_atualizacao (data, valor) values('2006-01-01', 2.41862843978162);
insert into fatores_atualizacao (data, valor) values('2006-02-01', 2.40947244449255);
insert into fatores_atualizacao (data, valor) values('2006-03-01', 2.40394337473067);
insert into fatores_atualizacao (data, valor) values('2006-04-01', 2.39747020517669);
insert into fatores_atualizacao (data, valor) values('2006-05-01', 2.39459668914971);
insert into fatores_atualizacao (data, valor) values('2006-06-01', 2.39148775506812);
insert into fatores_atualizacao (data, valor) values('2006-07-01', 2.39316296914652);
insert into fatores_atualizacao (data, valor) values('2006-08-01', 2.39053338242585);
insert into fatores_atualizacao (data, valor) values('2006-09-01', 2.3910115847428);
insert into fatores_atualizacao (data, valor) values('2006-10-01', 2.38719207741893);
insert into fatores_atualizacao (data, valor) values('2006-11-01', 2.3769711016817);
insert into fatores_atualizacao (data, valor) values('2006-12-01', 2.36702957745638);
insert into fatores_atualizacao (data, valor) values('2007-01-01', 2.35244442203973);
insert into fatores_atualizacao (data, valor) values('2007-02-01', 2.3409736511491);
insert into fatores_atualizacao (data, valor) values('2007-03-01', 2.33118268387682);
insert into fatores_atualizacao (data, valor) values('2007-04-01', 2.32097041405498);
insert into fatores_atualizacao (data, valor) values('2007-05-01', 2.31495154005085);
insert into fatores_atualizacao (data, valor) values('2007-06-01', 2.30894827453705);
insert into fatores_atualizacao (data, valor) values('2007-07-01', 2.3018126553056);
insert into fatores_atualizacao (data, valor) values('2007-08-01', 2.29447035018501);
insert into fatores_atualizacao (data, valor) values('2007-09-01', 2.28101237715977);
insert into fatores_atualizacao (data, valor) values('2007-10-01', 2.27532406699229);
insert into fatores_atualizacao (data, valor) values('2007-11-01', 2.26851851145792);
insert into fatores_atualizacao (data, valor) values('2007-12-01', 2.25880564717507);
insert into fatores_atualizacao (data, valor) values('2008-01-01', 2.23710572167482);
insert into fatores_atualizacao (data, valor) values('2008-02-01', 2.22177547092543);
insert into fatores_atualizacao (data, valor) values('2008-03-01', 2.21116189383502);
insert into fatores_atualizacao (data, valor) values('2008-04-01', 2.19994218867279);
insert into fatores_atualizacao (data, valor) values('2008-05-01', 2.18595209526311);
insert into fatores_atualizacao (data, valor) values('2008-06-01', 2.16516649689294);
insert into fatores_atualizacao (data, valor) values('2008-07-01', 2.14564116231587);
insert into fatores_atualizacao (data, valor) values('2008-08-01', 2.13326820671691);
insert into fatores_atualizacao (data, valor) values('2008-09-01', 2.1287977314808);
insert into fatores_atualizacao (data, valor) values('2008-10-01', 2.12560931750454);
insert into fatores_atualizacao (data, valor) values('2008-11-01', 2.11503414677069);
insert into fatores_atualizacao (data, valor) values('2008-12-01', 2.10702744248923);
insert into fatores_atualizacao (data, valor) values('2009-01-01', 2.10093473176711);
insert into fatores_atualizacao (data, valor) values('2009-02-01', 2.08757425652535);
insert into fatores_atualizacao (data, valor) values('2009-03-01', 2.08112277592);
insert into fatores_atualizacao (data, valor) values('2009-04-01', 2.07696883824351);
insert into fatores_atualizacao (data, valor) values('2009-05-01', 2.065607994275);
insert into fatores_atualizacao (data, valor) values('2009-06-01', 2.05328826468688);
insert into fatores_atualizacao (data, valor) values('2009-07-01', 2.04470052249241);
insert into fatores_atualizacao (data, valor) values('2009-08-01', 2.04021205596928);
insert into fatores_atualizacao (data, valor) values('2009-09-01', 2.03553033619603);
insert into fatores_atualizacao (data, valor) values('2009-10-01', 2.03167016288655);
insert into fatores_atualizacao (data, valor) values('2009-11-01', 2.02801972737727);
insert into fatores_atualizacao (data, valor) values('2009-12-01', 2.01913553104069);
insert into fatores_atualizacao (data, valor) values('2010-01-01', 2.01149186196522);
insert into fatores_atualizacao (data, valor) values('2010-02-01', 2.00108621365422);
insert into fatores_atualizacao (data, valor) values('2010-03-01', 1.98245117263148);
insert into fatores_atualizacao (data, valor) values('2010-04-01', 1.97160733230381);
insert into fatores_atualizacao (data, valor) values('2010-05-01', 1.9621888259393);
insert into fatores_atualizacao (data, valor) values('2010-06-01', 1.94990442804263);
insert into fatores_atualizacao (data, valor) values('2010-07-01', 1.9462066354353);
insert into fatores_atualizacao (data, valor) values('2010-08-01', 1.94795979925463);
insert into fatores_atualizacao (data, valor) values('2010-09-01', 1.94893426638782);
insert into fatores_atualizacao (data, valor) values('2010-10-01', 1.94291124153905);
insert into fatores_atualizacao (data, valor) values('2010-11-01', 1.9309394171527);
insert into fatores_atualizacao (data, valor) values('2010-12-01', 1.91447493273121);
insert into fatores_atualizacao (data, valor) values('2011-01-01', 1.90135557923449);
insert into fatores_atualizacao (data, valor) values('2011-02-01', 1.88701427077659);
insert into fatores_atualizacao (data, valor) values('2011-03-01', 1.86888607584093);
insert into fatores_atualizacao (data, valor) values('2011-04-01', 1.85773963801285);
insert into fatores_atualizacao (data, valor) values('2011-05-01', 1.84354434654446);
insert into fatores_atualizacao (data, valor) values('2011-06-01', 1.8307292418515);
insert into fatores_atualizacao (data, valor) values('2011-07-01', 1.82652822692956);
insert into fatores_atualizacao (data, valor) values('2011-08-01', 1.82470352340615);
insert into fatores_atualizacao (data, valor) values('2011-09-01', 1.81979009016271);
insert into fatores_atualizacao (data, valor) values('2011-10-01', 1.81019605109192);
insert into fatores_atualizacao (data, valor) values('2011-11-01', 1.80262502598279);
insert into fatores_atualizacao (data, valor) values('2011-12-01', 1.79437091975193);
insert into fatores_atualizacao (data, valor) values('2012-01-01', 1.78437840070797);
insert into fatores_atualizacao (data, valor) values('2012-02-01', 1.77285484422054);
insert into fatores_atualizacao (data, valor) values('2012-03-01', 1.76350825049293);
insert into fatores_atualizacao (data, valor) values('2012-04-01', 1.75911047430716);
insert into fatores_atualizacao (data, valor) values('2012-05-01', 1.75157868595754);
insert into fatores_atualizacao (data, valor) values('2012-06-01', 1.74269096205108);
insert into fatores_atualizacao (data, valor) values('2012-07-01', 1.73955975449299);
insert into fatores_atualizacao (data, valor) values('2012-08-01', 1.73383808879995);
insert into fatores_atualizacao (data, valor) values('2012-09-01', 1.72710238948097);
insert into fatores_atualizacao (data, valor) values('2012-10-01', 1.71885190035925);
insert into fatores_atualizacao (data, valor) values('2012-11-01', 1.70775151550845);
insert into fatores_atualizacao (data, valor) values('2012-12-01', 1.69857918789382);
insert into fatores_atualizacao (data, valor) values('2013-01-01', 1.68693930667774);
insert into fatores_atualizacao (data, valor) values('2013-02-01', 1.67222373778523);
insert into fatores_atualizacao (data, valor) values('2013-03-01', 1.66092941774457);
insert into fatores_atualizacao (data, valor) values('2013-04-01', 1.65283054805908);
insert into fatores_atualizacao (data, valor) values('2013-05-01', 1.64444388424941);
insert into fatores_atualizacao (data, valor) values('2013-06-01', 1.63691407948378);
insert into fatores_atualizacao (data, valor) values('2013-07-01', 1.63071735354033);
insert into fatores_atualizacao (data, valor) values('2013-08-01', 1.62957664988541);
insert into fatores_atualizacao (data, valor) values('2013-09-01', 1.62697349229773);
insert into fatores_atualizacao (data, valor) values('2013-10-01', 1.6225924925678);
insert into fatores_atualizacao (data, valor) values('2013-11-01', 1.61484125454598);
insert into fatores_atualizacao (data, valor) values('2013-12-01', 1.6056888282251);
insert into fatores_atualizacao (data, valor) values('2014-01-01', 1.5937358096527);
insert into fatores_atualizacao (data, valor) values('2014-02-01', 1.58312884638194);
insert into fatores_atualizacao (data, valor) values('2014-03-01', 1.57212397853221);
insert into fatores_atualizacao (data, valor) values('2014-04-01', 1.56073064482499);
insert into fatores_atualizacao (data, valor) values('2014-05-01', 1.54865116573228);
insert into fatores_atualizacao (data, valor) values('2014-06-01', 1.53972078517825);
insert into fatores_atualizacao (data, valor) values('2014-07-01', 1.53251795080945);
insert into fatores_atualizacao (data, valor) values('2014-08-01', 1.52991709175347);
insert into fatores_atualizacao (data, valor) values('2014-09-01', 1.52777820227029);
insert into fatores_atualizacao (data, valor) values('2014-10-01', 1.52184301451369);
insert into fatores_atualizacao (data, valor) values('2014-11-01', 1.51457306380741);
insert into fatores_atualizacao (data, valor) values('2014-12-01', 1.50883947380694);
insert into fatores_atualizacao (data, valor) values('2015-01-01', 1.4970130705496);
insert into fatores_atualizacao (data, valor) values('2015-02-01', 1.48380718658896);
insert into fatores_atualizacao (data, valor) values('2015-03-01', 1.46433157661991);
insert into fatores_atualizacao (data, valor) values('2015-04-01', 1.44639626295922);
insert into fatores_atualizacao (data, valor) values('2015-05-01', 1.43108366771467);
insert into fatores_atualizacao (data, valor) values('2015-06-01', 1.42254837744997);
insert into fatores_atualizacao (data, valor) values('2015-07-01', 1.40860320571341);
insert into fatores_atualizacao (data, valor) values('2015-08-01', 1.40034119267662);
insert into fatores_atualizacao (data, valor) values('2015-09-01', 1.39434550699653);
insert into fatores_atualizacao (data, valor) values('2015-10-01', 1.38892868512454);
insert into fatores_atualizacao (data, valor) values('2015-11-01', 1.37982186084298);
insert into fatores_atualizacao (data, valor) values('2015-12-01', 1.36819222691421);
insert into fatores_atualizacao (data, valor) values('2016-01-01', 1.35223584395553);
insert into fatores_atualizacao (data, valor) values('2016-02-01', 1.33990868406216);
insert into fatores_atualizacao (data, valor) values('2016-03-01', 1.32114837710724);
insert into fatores_atualizacao (data, valor) values('2016-04-01', 1.31549176252837);
insert into fatores_atualizacao (data, valor) values('2016-05-01', 1.30881679686436);
insert into fatores_atualizacao (data, valor) values('2016-06-01', 1.29765694711914);
insert into fatores_atualizacao (data, valor) values('2016-07-01', 1.29248699912265);
insert into fatores_atualizacao (data, valor) values('2016-08-01', 1.28554505582122);
insert into fatores_atualizacao (data, valor) values('2016-09-01', 1.2797860187369);
insert into fatores_atualizacao (data, valor) values('2016-10-01', 1.27684926542642);
insert into fatores_atualizacao (data, valor) values('2016-11-01', 1.27442785250666);
insert into fatores_atualizacao (data, valor) values('2016-12-01', 1.27112293288117);
insert into fatores_atualizacao (data, valor) values('2017-01-01', 1.26871237936039);
insert into fatores_atualizacao (data, valor) values('2017-02-01', 1.26479152563093);
insert into fatores_atualizacao (data, valor) values('2017-03-01', 1.25799833462396);
insert into fatores_atualizacao (data, valor) values('2017-04-01', 1.25611416337889);
insert into fatores_atualizacao (data, valor) values('2017-05-01', 1.25348185149076);
insert into fatores_atualizacao (data, valor) values('2017-06-01', 1.250480697816);
insert into fatores_atualizacao (data, valor) values('2017-07-01', 1.24848312481629);
insert into fatores_atualizacao (data, valor) values('2017-08-01', 1.25073444682057);
insert into fatores_atualizacao (data, valor) values('2017-09-01', 1.24637214431547);
insert into fatores_atualizacao (data, valor) values('2017-10-01', 1.24500264140992);
insert into fatores_atualizacao (data, valor) values('2017-11-01', 1.24078397589189);
insert into fatores_atualizacao (data, valor) values('2017-12-01', 1.23682613226863);
insert into fatores_atualizacao (data, valor) values('2018-01-01', 1.23251233908184);
insert into fatores_atualizacao (data, valor) values('2018-02-01', 1.22772421464473);
insert into fatores_atualizacao (data, valor) values('2018-03-01', 1.22307652385408);
insert into fatores_atualizacao (data, valor) values('2018-04-01', 1.2218546691849);
insert into fatores_atualizacao (data, valor) values('2018-05-01', 1.21929415146682);
insert into fatores_atualizacao (data, valor) values('2018-06-01', 1.21758952613024);
insert into fatores_atualizacao (data, valor) values('2018-07-01', 1.20422265466348);
insert into fatores_atualizacao (data, valor) values('2018-08-01', 1.19656464096133);
insert into fatores_atualizacao (data, valor) values('2018-09-01', 1.19501112649688);
insert into fatores_atualizacao (data, valor) values('2018-10-01', 1.19393658357167);
insert into fatores_atualizacao (data, valor) values('2018-11-01', 1.1870516838056);
insert into fatores_atualizacao (data, valor) values('2018-12-01', 1.1848005627364);
insert into fatores_atualizacao (data, valor) values('2019-01-01', 1.18669928158694);
insert into fatores_atualizacao (data, valor) values('2019-02-01', 1.18314983209067);
insert into fatores_atualizacao (data, valor) values('2019-03-01', 1.17914075352867);
insert into fatores_atualizacao (data, valor) values('2019-04-01', 1.17280759252901);
insert into fatores_atualizacao (data, valor) values('2019-05-01', 1.16442374158957);
insert into fatores_atualizacao (data, valor) values('2019-06-01', 1.1603624729343);
insert into fatores_atualizacao (data, valor) values('2019-07-01', 1.15966667293054);
insert into fatores_atualizacao (data, valor) values('2019-08-01', 1.15862391141027);
insert into fatores_atualizacao (data, valor) values('2019-09-01', 1.1576977532077);
insert into fatores_atualizacao (data, valor) values('2019-10-01', 1.15665676212179);
insert into fatores_atualizacao (data, valor) values('2019-11-01', 1.15561670708541);
insert into fatores_atualizacao (data, valor) values('2019-12-01', 1.15400110553766);
insert into fatores_atualizacao (data, valor) values('2020-01-01', 1.14201000053207);
insert into fatores_atualizacao (data, valor) values('2020-02-01', 1.13395889239606);
insert into fatores_atualizacao (data, valor) values('2020-03-01', 1.13146965914594);
insert into fatores_atualizacao (data, valor) values('2020-04-01', 1.13124341046385);
insert into fatores_atualizacao (data, valor) values('2020-05-01', 1.13135654611846);
insert into fatores_atualizacao (data, valor) values('2020-06-01', 1.13807116599785);
insert into fatores_atualizacao (data, valor) values('2020-07-01', 1.13784359727839);
insert into fatores_atualizacao (data, valor) values('2020-08-01', 1.13444027644904);
insert into fatores_atualizacao (data, valor) values('2020-09-01', 1.13183705123121);
insert into fatores_atualizacao (data, valor) values('2020-10-01', 1.12676660152435);
insert into fatores_atualizacao (data, valor) values('2020-11-01', 1.11627362940792);
insert into fatores_atualizacao (data, valor) values('2020-12-01', 1.10730446325555);
insert into fatores_atualizacao (data, valor) values('2021-01-01', 1.09569014769004);
insert into fatores_atualizacao (data, valor) values('2021-02-01', 1.08720991038901);
insert into fatores_atualizacao (data, valor) values('2021-03-01', 1.08201623247314);
insert into fatores_atualizacao (data, valor) values('2021-04-01', 1.07204620278722);
insert into fatores_atualizacao (data, valor) values('2021-05-01', 1.0656522890529);
insert into fatores_atualizacao (data, valor) values('2021-06-01', 1.06098395963053);
insert into fatores_atualizacao (data, valor) values('2021-07-01', 1.05225028228754);
insert into fatores_atualizacao (data, valor) values('2021-08-01', 1.04472823896698);
insert into fatores_atualizacao (data, valor) values('2021-09-01', 1.03551218056);
insert into fatores_atualizacao (data, valor) values('2021-10-01', 1.0238404);
insert into fatores_atualizacao (data, valor) values('2021-11-01', 1.0117);



-- -----------------------------------------------------------------------------------

insert into fatores_indices (data, valor) values('1994-01-01', 201.5942);
insert into fatores_indices (data, valor) values('1994-02-01', 200.5942);
insert into fatores_indices (data, valor) values('1994-03-01', 199.5942);
insert into fatores_indices (data, valor) values('1994-04-01', 198.5942);
insert into fatores_indices (data, valor) values('1994-05-01', 197.5942);
insert into fatores_indices (data, valor) values('1994-06-01', 196.5942);
insert into fatores_indices (data, valor) values('1994-07-01', 195.5942);
insert into fatores_indices (data, valor) values('1994-08-01', 194.5942);
insert into fatores_indices (data, valor) values('1994-09-01', 193.5942);
insert into fatores_indices (data, valor) values('1994-10-01', 192.5942);
insert into fatores_indices (data, valor) values('1994-11-01', 191.5942);
insert into fatores_indices (data, valor) values('1994-12-01', 190.5942);
insert into fatores_indices (data, valor) values('1995-01-01', 189.5942);
insert into fatores_indices (data, valor) values('1995-02-01', 188.5942);
insert into fatores_indices (data, valor) values('1995-03-01', 187.5942);
insert into fatores_indices (data, valor) values('1995-04-01', 186.5942);
insert into fatores_indices (data, valor) values('1995-05-01', 185.5942);
insert into fatores_indices (data, valor) values('1995-06-01', 184.5942);
insert into fatores_indices (data, valor) values('1995-07-01', 183.5942);
insert into fatores_indices (data, valor) values('1995-08-01', 182.5942);
insert into fatores_indices (data, valor) values('1995-09-01', 181.5942);
insert into fatores_indices (data, valor) values('1995-10-01', 180.5942);
insert into fatores_indices (data, valor) values('1995-11-01', 179.5942);
insert into fatores_indices (data, valor) values('1995-12-01', 178.5942);
insert into fatores_indices (data, valor) values('1996-01-01', 177.5942);
insert into fatores_indices (data, valor) values('1996-02-01', 176.5942);
insert into fatores_indices (data, valor) values('1996-03-01', 175.5942);
insert into fatores_indices (data, valor) values('1996-04-01', 174.5942);
insert into fatores_indices (data, valor) values('1996-05-01', 173.5942);
insert into fatores_indices (data, valor) values('1996-06-01', 172.5942);
insert into fatores_indices (data, valor) values('1996-07-01', 171.5942);
insert into fatores_indices (data, valor) values('1996-08-01', 170.5942);
insert into fatores_indices (data, valor) values('1996-09-01', 169.5942);
insert into fatores_indices (data, valor) values('1996-10-01', 168.5942);
insert into fatores_indices (data, valor) values('1996-11-01', 167.5942);
insert into fatores_indices (data, valor) values('1996-12-01', 166.5942);
insert into fatores_indices (data, valor) values('1997-01-01', 165.5942);
insert into fatores_indices (data, valor) values('1997-02-01', 164.5942);
insert into fatores_indices (data, valor) values('1997-03-01', 163.5942);
insert into fatores_indices (data, valor) values('1997-04-01', 162.5942);
insert into fatores_indices (data, valor) values('1997-05-01', 161.5942);
insert into fatores_indices (data, valor) values('1997-06-01', 160.5942);
insert into fatores_indices (data, valor) values('1997-07-01', 159.5942);
insert into fatores_indices (data, valor) values('1997-08-01', 158.5942);
insert into fatores_indices (data, valor) values('1997-09-01', 157.5942);
insert into fatores_indices (data, valor) values('1997-10-01', 156.5942);
insert into fatores_indices (data, valor) values('1997-11-01', 155.5942);
insert into fatores_indices (data, valor) values('1997-12-01', 154.5942);
insert into fatores_indices (data, valor) values('1998-01-01', 153.5942);
insert into fatores_indices (data, valor) values('1998-02-01', 152.5942);
insert into fatores_indices (data, valor) values('1998-03-01', 151.5942);
insert into fatores_indices (data, valor) values('1998-04-01', 150.5942);
insert into fatores_indices (data, valor) values('1998-05-01', 149.5942);
insert into fatores_indices (data, valor) values('1998-06-01', 148.5942);
insert into fatores_indices (data, valor) values('1998-07-01', 147.5942);
insert into fatores_indices (data, valor) values('1998-08-01', 146.5942);
insert into fatores_indices (data, valor) values('1998-09-01', 145.5942);
insert into fatores_indices (data, valor) values('1998-10-01', 144.5942);
insert into fatores_indices (data, valor) values('1998-11-01', 143.5942);
insert into fatores_indices (data, valor) values('1998-12-01', 142.5942);
insert into fatores_indices (data, valor) values('1999-01-01', 141.5942);
insert into fatores_indices (data, valor) values('1999-02-01', 140.5942);
insert into fatores_indices (data, valor) values('1999-03-01', 139.5942);
insert into fatores_indices (data, valor) values('1999-04-01', 138.5942);
insert into fatores_indices (data, valor) values('1999-05-01', 137.5942);
insert into fatores_indices (data, valor) values('1999-06-01', 136.5942);
insert into fatores_indices (data, valor) values('1999-07-01', 135.5942);
insert into fatores_indices (data, valor) values('1999-08-01', 134.5942);
insert into fatores_indices (data, valor) values('1999-09-01', 133.5942);
insert into fatores_indices (data, valor) values('1999-10-01', 132.5942);
insert into fatores_indices (data, valor) values('1999-11-01', 131.5942);
insert into fatores_indices (data, valor) values('1999-12-01', 130.5942);
insert into fatores_indices (data, valor) values('2000-01-01', 129.5942);
insert into fatores_indices (data, valor) values('2000-02-01', 128.5942);
insert into fatores_indices (data, valor) values('2000-03-01', 127.5942);
insert into fatores_indices (data, valor) values('2000-04-01', 126.5942);
insert into fatores_indices (data, valor) values('2000-05-01', 125.5942);
insert into fatores_indices (data, valor) values('2000-06-01', 124.5942);
insert into fatores_indices (data, valor) values('2000-07-01', 123.5942);
insert into fatores_indices (data, valor) values('2000-08-01', 122.5942);
insert into fatores_indices (data, valor) values('2000-09-01', 121.5942);
insert into fatores_indices (data, valor) values('2000-10-01', 120.5942);
insert into fatores_indices (data, valor) values('2000-11-01', 119.5942);
insert into fatores_indices (data, valor) values('2000-12-01', 118.5942);
insert into fatores_indices (data, valor) values('2001-01-01', 117.5942);
insert into fatores_indices (data, valor) values('2001-02-01', 116.5942);
insert into fatores_indices (data, valor) values('2001-03-01', 115.5942);
insert into fatores_indices (data, valor) values('2001-04-01', 114.5942);
insert into fatores_indices (data, valor) values('2001-05-01', 113.5942);
insert into fatores_indices (data, valor) values('2001-06-01', 112.5942);
insert into fatores_indices (data, valor) values('2001-07-01', 111.5942);
insert into fatores_indices (data, valor) values('2001-08-01', 110.5942);
insert into fatores_indices (data, valor) values('2001-09-01', 110.0942);
insert into fatores_indices (data, valor) values('2001-10-01', 109.5942);
insert into fatores_indices (data, valor) values('2001-11-01', 109.0942);
insert into fatores_indices (data, valor) values('2001-12-01', 108.5942);
insert into fatores_indices (data, valor) values('2002-01-01', 108.0942);
insert into fatores_indices (data, valor) values('2002-02-01', 107.5942);
insert into fatores_indices (data, valor) values('2002-03-01', 107.0942);
insert into fatores_indices (data, valor) values('2002-04-01', 106.5942);
insert into fatores_indices (data, valor) values('2002-05-01', 106.0942);
insert into fatores_indices (data, valor) values('2002-06-01', 105.5942);
insert into fatores_indices (data, valor) values('2002-07-01', 105.0942);
insert into fatores_indices (data, valor) values('2002-08-01', 104.5942);
insert into fatores_indices (data, valor) values('2002-09-01', 104.0942);
insert into fatores_indices (data, valor) values('2002-10-01', 103.5942);
insert into fatores_indices (data, valor) values('2002-11-01', 103.0942);
insert into fatores_indices (data, valor) values('2002-12-01', 102.5942);
insert into fatores_indices (data, valor) values('2003-01-01', 102.0942);
insert into fatores_indices (data, valor) values('2003-02-01', 101.5942);
insert into fatores_indices (data, valor) values('2003-03-01', 101.0942);
insert into fatores_indices (data, valor) values('2003-04-01', 100.5942);
insert into fatores_indices (data, valor) values('2003-05-01', 100.0942);
insert into fatores_indices (data, valor) values('2003-06-01', 99.5942);
insert into fatores_indices (data, valor) values('2003-07-01', 99.0942);
insert into fatores_indices (data, valor) values('2003-08-01', 98.5942);
insert into fatores_indices (data, valor) values('2003-09-01', 98.0942);
insert into fatores_indices (data, valor) values('2003-10-01', 97.5942);
insert into fatores_indices (data, valor) values('2003-11-01', 97.0942);
insert into fatores_indices (data, valor) values('2003-12-01', 96.5942);
insert into fatores_indices (data, valor) values('2004-01-01', 96.0942);
insert into fatores_indices (data, valor) values('2004-02-01', 95.5942);
insert into fatores_indices (data, valor) values('2004-03-01', 95.0942);
insert into fatores_indices (data, valor) values('2004-04-01', 94.5942);
insert into fatores_indices (data, valor) values('2004-05-01', 94.0942);
insert into fatores_indices (data, valor) values('2004-06-01', 93.5942);
insert into fatores_indices (data, valor) values('2004-07-01', 93.0942);
insert into fatores_indices (data, valor) values('2004-08-01', 92.5942);
insert into fatores_indices (data, valor) values('2004-09-01', 92.0942);
insert into fatores_indices (data, valor) values('2004-10-01', 91.5942);
insert into fatores_indices (data, valor) values('2004-11-01', 91.0942);
insert into fatores_indices (data, valor) values('2004-12-01', 90.5942);
insert into fatores_indices (data, valor) values('2005-01-01', 90.0942);
insert into fatores_indices (data, valor) values('2005-02-01', 89.5942);
insert into fatores_indices (data, valor) values('2005-03-01', 89.0942);
insert into fatores_indices (data, valor) values('2005-04-01', 88.5942);
insert into fatores_indices (data, valor) values('2005-05-01', 88.0942);
insert into fatores_indices (data, valor) values('2005-06-01', 87.5942);
insert into fatores_indices (data, valor) values('2005-07-01', 87.0942);
insert into fatores_indices (data, valor) values('2005-08-01', 86.5942);
insert into fatores_indices (data, valor) values('2005-09-01', 86.0942);
insert into fatores_indices (data, valor) values('2005-10-01', 85.5942);
insert into fatores_indices (data, valor) values('2005-11-01', 85.0942);
insert into fatores_indices (data, valor) values('2005-12-01', 84.5942);
insert into fatores_indices (data, valor) values('2006-01-01', 84.0942);
insert into fatores_indices (data, valor) values('2006-02-01', 83.5942);
insert into fatores_indices (data, valor) values('2006-03-01', 83.0942);
insert into fatores_indices (data, valor) values('2006-04-01', 82.5942);
insert into fatores_indices (data, valor) values('2006-05-01', 82.0942);
insert into fatores_indices (data, valor) values('2006-06-01', 81.5942);
insert into fatores_indices (data, valor) values('2006-07-01', 81.0942);
insert into fatores_indices (data, valor) values('2006-08-01', 80.5942);
insert into fatores_indices (data, valor) values('2006-09-01', 80.0942);
insert into fatores_indices (data, valor) values('2006-10-01', 79.5942);
insert into fatores_indices (data, valor) values('2006-11-01', 79.0942);
insert into fatores_indices (data, valor) values('2006-12-01', 78.5942);
insert into fatores_indices (data, valor) values('2007-01-01', 78.0942);
insert into fatores_indices (data, valor) values('2007-02-01', 77.5942);
insert into fatores_indices (data, valor) values('2007-03-01', 77.0942);
insert into fatores_indices (data, valor) values('2007-04-01', 76.5942);
insert into fatores_indices (data, valor) values('2007-05-01', 76.0942);
insert into fatores_indices (data, valor) values('2007-06-01', 75.5942);
insert into fatores_indices (data, valor) values('2007-07-01', 75.0942);
insert into fatores_indices (data, valor) values('2007-08-01', 74.5942);
insert into fatores_indices (data, valor) values('2007-09-01', 74.0942);
insert into fatores_indices (data, valor) values('2007-10-01', 73.5942);
insert into fatores_indices (data, valor) values('2007-11-01', 73.0942);
insert into fatores_indices (data, valor) values('2007-12-01', 72.5942);
insert into fatores_indices (data, valor) values('2008-01-01', 72.0942);
insert into fatores_indices (data, valor) values('2008-02-01', 71.5942);
insert into fatores_indices (data, valor) values('2008-03-01', 71.0942);
insert into fatores_indices (data, valor) values('2008-04-01', 70.5942);
insert into fatores_indices (data, valor) values('2008-05-01', 70.0942);
insert into fatores_indices (data, valor) values('2008-06-01', 69.5942);
insert into fatores_indices (data, valor) values('2008-07-01', 69.0942);
insert into fatores_indices (data, valor) values('2008-08-01', 68.5942);
insert into fatores_indices (data, valor) values('2008-09-01', 68.0942);
insert into fatores_indices (data, valor) values('2008-10-01', 67.5942);
insert into fatores_indices (data, valor) values('2008-11-01', 67.0942);
insert into fatores_indices (data, valor) values('2008-12-01', 66.5942);
insert into fatores_indices (data, valor) values('2009-01-01', 66.0942);
insert into fatores_indices (data, valor) values('2009-02-01', 65.5942);
insert into fatores_indices (data, valor) values('2009-03-01', 65.0942);
insert into fatores_indices (data, valor) values('2009-04-01', 64.5942);
insert into fatores_indices (data, valor) values('2009-05-01', 64.0942);
insert into fatores_indices (data, valor) values('2009-06-01', 63.5942);
insert into fatores_indices (data, valor) values('2009-07-01', 63.0942);
insert into fatores_indices (data, valor) values('2009-08-01', 62.5942);
insert into fatores_indices (data, valor) values('2009-09-01', 62.0942);
insert into fatores_indices (data, valor) values('2009-10-01', 61.5942);
insert into fatores_indices (data, valor) values('2009-11-01', 61.0942);
insert into fatores_indices (data, valor) values('2009-12-01', 60.5942);
insert into fatores_indices (data, valor) values('2010-01-01', 60.0942);
insert into fatores_indices (data, valor) values('2010-02-01', 59.5942);
insert into fatores_indices (data, valor) values('2010-03-01', 59.0942);
insert into fatores_indices (data, valor) values('2010-04-01', 58.5942);
insert into fatores_indices (data, valor) values('2010-05-01', 58.0942);
insert into fatores_indices (data, valor) values('2010-06-01', 57.5942);
insert into fatores_indices (data, valor) values('2010-07-01', 57.0942);
insert into fatores_indices (data, valor) values('2010-08-01', 56.5942);
insert into fatores_indices (data, valor) values('2010-09-01', 56.0942);
insert into fatores_indices (data, valor) values('2010-10-01', 55.5942);
insert into fatores_indices (data, valor) values('2010-11-01', 55.0942);
insert into fatores_indices (data, valor) values('2010-12-01', 54.5942);
insert into fatores_indices (data, valor) values('2011-01-01', 54.0942);
insert into fatores_indices (data, valor) values('2011-02-01', 53.5942);
insert into fatores_indices (data, valor) values('2011-03-01', 53.0942);
insert into fatores_indices (data, valor) values('2011-04-01', 52.5942);
insert into fatores_indices (data, valor) values('2011-05-01', 52.0942);
insert into fatores_indices (data, valor) values('2011-06-01', 51.5942);
insert into fatores_indices (data, valor) values('2011-07-01', 51.0942);
insert into fatores_indices (data, valor) values('2011-08-01', 50.5942);
insert into fatores_indices (data, valor) values('2011-09-01', 50.0942);
insert into fatores_indices (data, valor) values('2011-10-01', 49.5942);
insert into fatores_indices (data, valor) values('2011-11-01', 49.0942);
insert into fatores_indices (data, valor) values('2011-12-01', 48.5942);
insert into fatores_indices (data, valor) values('2012-01-01', 48.0942);
insert into fatores_indices (data, valor) values('2012-02-01', 47.5942);
insert into fatores_indices (data, valor) values('2012-03-01', 47.0942);
insert into fatores_indices (data, valor) values('2012-04-01', 46.5942);
insert into fatores_indices (data, valor) values('2012-05-01', 46.0942);
insert into fatores_indices (data, valor) values('2012-06-01', 45.6114);
insert into fatores_indices (data, valor) values('2012-07-01', 45.1286);
insert into fatores_indices (data, valor) values('2012-08-01', 44.6735);
insert into fatores_indices (data, valor) values('2012-09-01', 44.2462);
insert into fatores_indices (data, valor) values('2012-10-01', 43.8189);
insert into fatores_indices (data, valor) values('2012-11-01', 43.4055);
insert into fatores_indices (data, valor) values('2012-12-01', 42.9921);
insert into fatores_indices (data, valor) values('2013-01-01', 42.5787);
insert into fatores_indices (data, valor) values('2013-02-01', 42.1653);
insert into fatores_indices (data, valor) values('2013-03-01', 41.7519);
insert into fatores_indices (data, valor) values('2013-04-01', 41.3385);
insert into fatores_indices (data, valor) values('2013-05-01', 40.9112);
insert into fatores_indices (data, valor) values('2013-06-01', 40.4561);
insert into fatores_indices (data, valor) values('2013-07-01', 40.001);
insert into fatores_indices (data, valor) values('2013-08-01', 39.5182);
insert into fatores_indices (data, valor) values('2013-09-01', 39.0182);
insert into fatores_indices (data, valor) values('2013-10-01', 38.5182);
insert into fatores_indices (data, valor) values('2013-11-01', 38.0182);
insert into fatores_indices (data, valor) values('2013-12-01', 37.5182);
insert into fatores_indices (data, valor) values('2014-01-01', 37.0182);
insert into fatores_indices (data, valor) values('2014-02-01', 36.5182);
insert into fatores_indices (data, valor) values('2014-03-01', 36.0182);
insert into fatores_indices (data, valor) values('2014-04-01', 35.5182);
insert into fatores_indices (data, valor) values('2014-05-01', 35.0182);
insert into fatores_indices (data, valor) values('2014-06-01', 34.5182);
insert into fatores_indices (data, valor) values('2014-07-01', 34.0182);
insert into fatores_indices (data, valor) values('2014-08-01', 33.5182);
insert into fatores_indices (data, valor) values('2014-09-01', 33.0182);
insert into fatores_indices (data, valor) values('2014-10-01', 32.5182);
insert into fatores_indices (data, valor) values('2014-11-01', 32.0182);
insert into fatores_indices (data, valor) values('2014-12-01', 31.5182);
insert into fatores_indices (data, valor) values('2015-01-01', 31.0182);
insert into fatores_indices (data, valor) values('2015-02-01', 30.5182);
insert into fatores_indices (data, valor) values('2015-03-01', 30.0182);
insert into fatores_indices (data, valor) values('2015-04-01', 29.5182);
insert into fatores_indices (data, valor) values('2015-05-01', 29.0182);
insert into fatores_indices (data, valor) values('2015-06-01', 28.5182);
insert into fatores_indices (data, valor) values('2015-07-01', 28.0182);
insert into fatores_indices (data, valor) values('2015-08-01', 27.5182);
insert into fatores_indices (data, valor) values('2015-09-01', 27.0182);
insert into fatores_indices (data, valor) values('2015-10-01', 26.5182);
insert into fatores_indices (data, valor) values('2015-11-01', 26.0182);
insert into fatores_indices (data, valor) values('2015-12-01', 25.5182);
insert into fatores_indices (data, valor) values('2016-01-01', 25.0182);
insert into fatores_indices (data, valor) values('2016-02-01', 24.5182);
insert into fatores_indices (data, valor) values('2016-03-01', 24.0182);
insert into fatores_indices (data, valor) values('2016-04-01', 23.5182);
insert into fatores_indices (data, valor) values('2016-05-01', 23.0182);
insert into fatores_indices (data, valor) values('2016-06-01', 22.5182);
insert into fatores_indices (data, valor) values('2016-07-01', 22.0182);
insert into fatores_indices (data, valor) values('2016-08-01', 21.5182);
insert into fatores_indices (data, valor) values('2016-09-01', 21.0182);
insert into fatores_indices (data, valor) values('2016-10-01', 20.5182);
insert into fatores_indices (data, valor) values('2016-11-01', 20.0182);
insert into fatores_indices (data, valor) values('2016-12-01', 19.5182);
insert into fatores_indices (data, valor) values('2017-01-01', 19.0182);
insert into fatores_indices (data, valor) values('2017-02-01', 18.5182);
insert into fatores_indices (data, valor) values('2017-03-01', 18.0182);
insert into fatores_indices (data, valor) values('2017-04-01', 17.5182);
insert into fatores_indices (data, valor) values('2017-05-01', 17.0182);
insert into fatores_indices (data, valor) values('2017-06-01', 16.5182);
insert into fatores_indices (data, valor) values('2017-07-01', 16.0182);
insert into fatores_indices (data, valor) values('2017-08-01', 15.5182);
insert into fatores_indices (data, valor) values('2017-09-01', 15.0182);
insert into fatores_indices (data, valor) values('2017-10-01', 14.5492);
insert into fatores_indices (data, valor) values('2017-11-01', 14.1219);
insert into fatores_indices (data, valor) values('2017-12-01', 13.6946);
insert into fatores_indices (data, valor) values('2018-01-01', 13.2952);
insert into fatores_indices (data, valor) values('2018-02-01', 12.8958);
insert into fatores_indices (data, valor) values('2018-03-01', 12.5103);
insert into fatores_indices (data, valor) values('2018-04-01', 12.1388);
insert into fatores_indices (data, valor) values('2018-05-01', 11.7673);
insert into fatores_indices (data, valor) values('2018-06-01', 11.3958);
insert into fatores_indices (data, valor) values('2018-07-01', 11.0243);
insert into fatores_indices (data, valor) values('2018-08-01', 10.6528);
insert into fatores_indices (data, valor) values('2018-09-01', 10.2813);
insert into fatores_indices (data, valor) values('2018-10-01', 9.9098);
insert into fatores_indices (data, valor) values('2018-11-01', 9.5383);
insert into fatores_indices (data, valor) values('2018-12-01', 9.1668);
insert into fatores_indices (data, valor) values('2019-01-01', 8.7953);
insert into fatores_indices (data, valor) values('2019-02-01', 8.4238);
insert into fatores_indices (data, valor) values('2019-03-01', 8.0523);
insert into fatores_indices (data, valor) values('2019-04-01', 7.6808);
insert into fatores_indices (data, valor) values('2019-05-01', 7.3093);
insert into fatores_indices (data, valor) values('2019-06-01', 6.9378);
insert into fatores_indices (data, valor) values('2019-07-01', 6.5663);
insert into fatores_indices (data, valor) values('2019-08-01', 6.2229);
insert into fatores_indices (data, valor) values('2019-09-01', 5.8795);
insert into fatores_indices (data, valor) values('2019-10-01', 5.5642);
insert into fatores_indices (data, valor) values('2019-11-01', 5.2771);
insert into fatores_indices (data, valor) values('2019-12-01', 4.99);
insert into fatores_indices (data, valor) values('2020-01-01', 4.7312);
insert into fatores_indices (data, valor) values('2020-02-01', 4.4724);
insert into fatores_indices (data, valor) values('2020-03-01', 4.2278);
insert into fatores_indices (data, valor) values('2020-04-01', 4.0116);
insert into fatores_indices (data, valor) values('2020-05-01', 3.7954);
insert into fatores_indices (data, valor) values('2020-06-01', 3.6221);
insert into fatores_indices (data, valor) values('2020-07-01', 3.4918);
insert into fatores_indices (data, valor) values('2020-08-01', 3.3615);
insert into fatores_indices (data, valor) values('2020-09-01', 3.2456);
insert into fatores_indices (data, valor) values('2020-10-01', 3.1297);
insert into fatores_indices (data, valor) values('2020-11-01', 3.0138);
insert into fatores_indices (data, valor) values('2020-12-01', 2.8979);
insert into fatores_indices (data, valor) values('2021-01-01', 2.782);
insert into fatores_indices (data, valor) values('2021-02-01', 2.6661);
insert into fatores_indices (data, valor) values('2021-03-01', 2.5502);
insert into fatores_indices (data, valor) values('2021-04-01', 2.3912);
insert into fatores_indices (data, valor) values('2021-05-01', 2.2322);
insert into fatores_indices (data, valor) values('2021-06-01', 2.0303);
insert into fatores_indices (data, valor) values('2021-07-01', 1.7857);
insert into fatores_indices (data, valor) values('2021-08-01', 1.5411);
insert into fatores_indices (data, valor) values('2021-09-01', 1.2399);
insert into fatores_indices (data, valor) values('2021-10-01', 0.8824);
insert into fatores_indices (data, valor) values('2021-11-01', 0.4412);
